mineral_name,group_yaml,mineral_class,end_member_key,formula,basis,source_url,retrieved_date,notes,SiO2,TiO2,Al2O3,Cr2O3,Fe2O3,FeO,MnO,MgO,CaO,Na2O,K2O,P2O5,NiO,CoO,ZnO,Sc2O3,B2O3,Li2O,Y2O3,ZrO2,HfO2,Nb2O5,V2O3,BaO,SrO,La2O3,Ce2O3,Pr2O3,Nd2O3,Sm2O3,Eu2O3,Gd2O3,Tb2O3,Dy2O3,Ho2O3,Er2O3,Tm2O3,Yb2O3,Lu2O3,ThO2,UO2,PbO,F,Cl,H2O,CO2,OH,Si,Ti,Al,Cr,Fe,Mn,Mg,Ca,Na,K,P,Ni,Co,Zn,Sc,B,Li,Y,Zr,Hf,Nb,V,Ba,Sr,La,Ce,Pr,Nd,Sm,Eu,Gd,Tb,Dy,Ho,Er,Tm,Yb,Lu,Th,U,Pb,S,Cu,As,Sb,Cd,O,H
Allanite,allanite,Epidote group,allanite,"CaCe(Fe2+,Fe3+)(Al,Fe3+)2(SiO4)(Si2O7)O(OH)",oxide_wt_percent,https://webmineral.com/data/Allanite-(Ce).shtml,2026-08-20,"Base 'Allanite' URL redirects to the site's alphabetical listing (no dedicated page); used the Allanite-(Ce) variety page, consistent with the Ce-dominant formula requested. Page's simplified formula (Ce,Ca,Y)2(Al,Fe+++)3(SiO4)3(OH) lacks an explicit Fe2+ site. Page's own oxide total is 102.21% (not adjusted). H2O 1.47% excluded; Y2O3 included as reported. [elemental pass: Ce reported as combined REE proxy element on this page (webmineral labels it 'Cerium', formula uses Ce1.2 as proxy for REE site); Y 4.34% also reported; H2O 1.47% from formula (OH) group]",29.32,,18.66,,9.74,,,,5.47,,,,,,,,,,5.51,,,,,,,,32.04,,,,,,,,,,,,,,,,,,1.47,,,13.71,,9.88,,6.81,,,3.91,,,,,,,,,,4.34,,,,,,,,27.35,,,,,,,,,,,,,,,,,,,,,33.84,0.16
Andalusite,aluminosilicate,Other silicate,andalusite,Al2SiO5,oxide_wt_percent,https://webmineral.com/data/Andalusite.shtml,2026-08-20,"Al2SiO5 polymorph (kyanite/sillimanite/andalusite are compositionally identical, differing only in Al coordination/crystal structure) -- cosine-distance classification on composition alone CANNOT distinguish these three; structural/textural context (or an XRD/EBSD cross-check) is needed to tell them apart. New placeholder group_yaml, no backing resources/minerals/*.yaml config yet.",37.08,,62.92,,,,,,,,,,,,,,,,,,,,,,,,,,,,,,,,,,,,,,,,,,,,,17.33,,33.30,,,,,,,,,,,,,,,,,,,,,,,,,,,,,,,,,,,,,,,,,,,,49.37,
Kyanite,aluminosilicate,Other silicate,kyanite,Al2SiO5,oxide_wt_percent,https://webmineral.com/data/Kyanite.shtml,2026-08-20,"Al2SiO5 polymorph (kyanite/sillimanite/andalusite are compositionally identical, differing only in Al coordination/crystal structure) -- cosine-distance classification on composition alone CANNOT distinguish these three; structural/textural context (or an XRD/EBSD cross-check) is needed to tell them apart. New placeholder group_yaml, no backing resources/minerals/*.yaml config yet.",37.08,,62.92,,,,,,,,,,,,,,,,,,,,,,,,,,,,,,,,,,,,,,,,,,,,,17.33,,33.30,,,,,,,,,,,,,,,,,,,,,,,,,,,,,,,,,,,,,,,,,,,,49.37,
Sillimanite,aluminosilicate,Other silicate,sillimanite,Al2SiO5,oxide_wt_percent,https://webmineral.com/data/Sillimanite.shtml,2026-08-20,"Al2SiO5 polymorph (kyanite/sillimanite/andalusite are compositionally identical, differing only in Al coordination/crystal structure) -- cosine-distance classification on composition alone CANNOT distinguish these three; structural/textural context (or an XRD/EBSD cross-check) is needed to tell them apart. New placeholder group_yaml, no backing resources/minerals/*.yaml config yet.",37.08,,62.92,,,,,,,,,,,,,,,,,,,,,,,,,,,,,,,,,,,,,,,,,,,,,17.33,,33.30,,,,,,,,,,,,,,,,,,,,,,,,,,,,,,,,,,,,,,,,,,,,49.37,
Ferro-actinolite,amphibole,Amphibole,fe_endmember,Ca2Fe5Si8O22(OH)2,oxide_wt_percent,https://webmineral.com/data/Ferro-actinolite.shtml,2026-08-20,"Pure end-member composition; iron reported as FeO. Page also lists H2O 1.86 wt% (structural OH), not included as no matching column exists in this schema. [elemental pass: H2O wt% given alongside elemental H in the same composition table row (""0.21% H  1.86% H2O""); OH not given as a separate wt% figure]",49.55,,,,,37.03,,,11.56,,,,,,,,,,,,,,,,,,,,,,,,,,,,,,,,,,,,1.86,,,23.16,,,,28.78,,,8.26,,,,,,,,,,,,,,,,,,,,,,,,,,,,,,,,,,,,,,,39.58,0.21
Tremolite,amphibole,Amphibole,mg_endmember,Ca2Mg5Si8O22(OH)2,oxide_wt_percent,https://webmineral.com/data/Tremolite.shtml,2026-08-20,"Pure end-member composition. Page also lists H2O 2.22 wt% (structural OH), not included as no matching column exists in this schema. [elemental pass: H2O wt% given alongside elemental H in the same composition table row (""0.25% H  2.22% H2O""); OH not given as a separate wt% figure]",59.17,,,,,,,24.81,13.81,,,,,,,,,,,,,,,,,,,,,,,,,,,,,,,,,,,,2.22,,,27.66,,,,,,14.96,9.87,,,,,,,,,,,,,,,,,,,,,,,,,,,,,,,,,,,,,,,47.27,0.25
Tschermakite,amphibole,Amphibole,tschermak_endmember,Ca2Mg3Al4Si6O22(OH)2,oxide_wt_percent,https://webmineral.com/data/Tschermakite.shtml,2026-08-20,"IMPORTANT CAVEAT: webmineral's page uses empirical formula Ca2Mg3Al3Fe3+Si6O22(OH)2 (one Al site replaced by Fe3+), not the pure Al-only end-member Ca2Mg3Al4Si6O22(OH)2 requested. Reported Al2O3 (18.11%) is therefore lower than the true pure end-member would be, and Fe2O3 (9.46%) is present in the source data but not part of the ideal formula. Values used as reported; no pure Al-only tschermakite table was found on webmineral.com. Page also lists H2O 2.13 wt%, not included (no matching column). [elemental pass: H2O wt% given alongside elemental H in the same composition table row (""0.24% H  2.13% H2O""); Fe reported as Fe2O3-derived elemental Fe (ferric); OH not given as a separate wt% figure]",42.69,,18.11,,9.46,,,14.32,13.28,,,,,,,,,,,,,,,,,,,,,,,,,,,,,,,,,,,,2.13,,,19.96,,9.59,,6.61,,8.64,9.49,,,,,,,,,,,,,,,,,,,,,,,,,,,,,,,,,,,,,,,45.48,0.24
Fluorapatite,apatite,Phosphate,apatite,Ca5(PO4)3F,oxide_wt_percent,https://webmineral.com/data/Apatite.shtml,2026-08-20,"webmineral.com's page is titled 'Apatite' (URL /data/Apatite.shtml, not a dedicated Fluorapatite page) and lists formula Ca5(PO4)3(OH,F,Cl) -- a generic/mixed-halogen apatite reference sample, not a pure F end member. H2O 0.59% also reported but not mapped to an oxide column here. [elemental pass: webmineral page is generic 'Apatite' (formula Ca5(PO4)3(OH,F,Cl)); OH wt% not directly given on page, only oxide-equivalent H2O=0.59% and elemental H=0.07%; oxide table also lists correction terms -O=Cl2=-0.52% and -O=F2=-0.52% (not recorded). Element table total 100.00%.]",,,,,,,,,55.07,,,41.82,,,,,,,,,,,,,,,,,,,,,,,,,,,,,,,1.24,2.32,0.59,,,,,,,,,,39.36,,,18.25,,,,,,,,,,,,,,,,,,,,,,,,,,,,,,,,,,,,38.76,0.07
Calcite,carbonate,Carbonate,calcite,CaCO3,oxide_wt_percent,https://webmineral.com/data/Calcite.shtml,2026-08-20,"Remainder of composition is CO2 (43.97%), not part of this oxide column set; CaO given here. [elemental pass: Element table also reports elemental C=12.00% (no C column in this schema; recorded CO2 from oxide table instead). Element total 100.00%; oxide total 100.00%.]",,,,,,,,,56.03,,,,,,,,,,,,,,,,,,,,,,,,,,,,,,,,,,,,,43.97,,,,,,,,,40.04,,,,,,,,,,,,,,,,,,,,,,,,,,,,,,,,,,,,,,,47.96,
Magnesite,carbonate,Carbonate,magnesite,MgCO3,oxide_wt_percent,https://webmineral.com/data/Magnesite.shtml,2026-08-20,"Remainder of composition is CO2 (52.20%), not part of this oxide column set. [elemental pass: Element table also reports elemental C=14.25% (no C column in this schema; recorded CO2 from oxide table instead). Element total 100.00%; oxide total 100.00%.]",,,,,,,,47.80,,,,,,,,,,,,,,,,,,,,,,,,,,,,,,,,,,,,,,52.20,,,,,,,,28.83,,,,,,,,,,,,,,,,,,,,,,,,,,,,,,,,,,,,,,,,56.93,
Rhodochrosite,carbonate,Carbonate,rhodochrosite,MnCO3,oxide_wt_percent,https://webmineral.com/data/Rhodochrosite.shtml,2026-08-20,"Remainder of composition is CO2 (38.29%), not part of this oxide column set. [elemental pass: Element table also reports elemental C=10.45% (no C column in this schema; recorded CO2 from oxide table instead). Element total 100.00%; oxide total 100.00%.]",,,,,,,61.71,,,,,,,,,,,,,,,,,,,,,,,,,,,,,,,,,,,,,,,38.29,,,,,,,47.79,,,,,,,,,,,,,,,,,,,,,,,,,,,,,,,,,,,,,,,,,41.76,
Siderite,carbonate,Carbonate,siderite,FeCO3,oxide_wt_percent,https://webmineral.com/data/Siderite.shtml,2026-08-20,"Webmineral reports Fe as FeO (62.01%); remainder of composition is CO2 (37.99%), not part of this oxide column set. [elemental pass: Element table also reports elemental C=10.37% (no C column in this schema; recorded CO2 from oxide table instead). Element total 100.00%; oxide total 100.00%.]",,,,,,62.01,,,,,,,,,,,,,,,,,,,,,,,,,,,,,,,,,,,,,,,,37.99,,,,,,48.20,,,,,,,,,,,,,,,,,,,,,,,,,,,,,,,,,,,,,,,,,,41.43,
Chalcopyrite,chalcopyrite,Sulfide,chalcopyrite,CuFeS2,element_wt_percent,https://webmineral.com/data/Chalcopyrite.shtml,2026-08-20,[elemental pass: Re-confirmed from webmineral element table; Fe/Cu/S reported (100.00% total)],,,,,,,,,,,,,,,,,,,,,,,,,,,,,,,,,,,,,,,,,,,,,,,,,,,,30.43,,,,,,,,,,,,,,,,,,,,,,,,,,,,,,,,,,,,,34.94,34.63,,,,,
Chamosite,chlorite,Other silicate,fe_endmember,Fe5Al(AlSi3O10)(OH)8,oxide_wt_percent,https://webmineral.com/data/Chamosite.shtml,2026-08-20,"Page formula (Fe++,Mg,Fe+++)5Al(Si3Al)O10(OH,O)8 is a natural/general composition, not the pure Fe end-member -- MgO 9.10% is included. Page's own oxide total is only 98.19% (not adjusted). H2O 8.14% excluded. [elemental pass: Fe elemental wt% combines FeO(32.45%)+Fe2O3(6.01%) oxide split; formula notation (OH,O)8 but only H2O wt% reported]",27.14,,15.35,,6.01,32.45,,9.1,,,,,,,,,,,,,,,,,,,,,,,,,,,,,,,,,,,,,8.14,,,12.69,,8.12,,29.43,,5.49,,,,,,,,,,,,,,,,,,,,,,,,,,,,,,,,,,,,,,,,43.36,0.91
Clinochlore,chlorite,Other silicate,mg_endmember,Mg5Al(AlSi3O10)(OH)8,oxide_wt_percent,https://webmineral.com/data/Clinochlore.shtml,2026-08-20,"Page reports the general series formula (Mg,Fe++)5Al(Si3Al)O10(OH)8, not the pure Mg end-member -- FeO 15.09% is included in the tabulated composition. H2O 12.11% excluded.",30.28,,17.13,,,15.09,,25.39,,,,,,,,,,,,,,,,,,,,,,,,,,,,,,,,,,,,,12.11,,,14.16,,9.07,,11.73,,15.31,,,,,,,,,,,,,,,,,,,,,,,,,,,,,,,,,,,,,,,,48.38,1.35
Chloritoid,chloritoid,Other silicate,fe_endmember,Fe2Al4Si2O10(OH)4,oxide_wt_percent,https://webmineral.com/data/Chloritoid.shtml,2026-08-20,"Page formula (Fe++,Mg,Mn)2Al4Si2O10(OH)4 is a general series composition, not the pure Fe end-member -- MgO 4.99% and MnO 2.93% are included. H2O 7.43% excluded. [elemental pass: Formula includes (OH)4; only H2O wt% reported, not separate OH]",24.79,,42.07,,,17.79,2.93,4.99,,,,,,,,,,,,,,,,,,,,,,,,,,,,,,,,,,,,,7.43,,,11.59,,22.27,,13.83,2.27,3.01,,,,,,,,,,,,,,,,,,,,,,,,,,,,,,,,,,,,,,,,46.21,0.83
Magnesiochloritoid,chloritoid,Other silicate,mg_endmember,Mg2Al4Si2O10(OH)4,oxide_wt_percent,https://webmineral.com/data/Magnesiochloritoid.shtml,2026-08-20,"Page lists reduced formula MgAl2SiO5(OH)2 (= 1/2 Mg2Al4Si2O10(OH)4, same composition). H2O 8.18% excluded.",27.27,,46.27,,,,,18.29,,,,,,,,,,,,,,,,,,,,,,,,,,,,,,,,,,,,,8.18,,,12.74,,24.49,,,,11.03,,,,,,,,,,,,,,,,,,,,,,,,,,,,,,,,,,,,,,,,50.82,0.91
Aegirine,clinopyroxene,Pyroxene,aegirine,NaFeSi2O6,oxide_wt_percent,https://webmineral.com/data/Aegirine.shtml,2026-08-20,Not currently in resources/minerals/clinopyroxene.yaml end_members list (known gap being filled). Page's Empirical Formula NaFe3+(Si2O6) matches the ideal end-member NaFeSi2O6 exactly; oxide wt% total 100.00%. No volatiles reported.,52.02,,,,34.56,,,,,13.42,,,,,,,,,,,,,,,,,,,,,,,,,,,,,,,,,,,,,,24.32,,,,24.18,,,,9.95,,,,,,,,,,,,,,,,,,,,,,,,,,,,,,,,,,,,,,41.56,
Jadeite,clinopyroxene,Pyroxene,jadeite,NaAlSi2O6,oxide_wt_percent,https://webmineral.com/data/Jadeite.shtml,2026-08-20,"Not currently in resources/minerals/clinopyroxene.yaml end_members list (known gap being filled). Page's Empirical Formula is a natural sample NaAl0.9Fe3+0.1(Si2O6) (~10% acmite/aegirine substitution), not the pure ideal end-member NaAlSi2O6; oxide wt% total sums to 100.00%. No volatiles (H2O/OH/F/Cl) reported.",58.61,,22.38,,3.89,,,,,15.11,,,,,,,,,,,,,,,,,,,,,,,,,,,,,,,,,,,,,,27.40,,11.84,,2.72,,,,11.21,,,,,,,,,,,,,,,,,,,,,,,,,,,,,,,,,,,,,,46.82,
Cordierite,cordierite,Other silicate,mg_endmember,Mg2Al4Si5O18,oxide_wt_percent,https://webmineral.com/data/Cordierite.shtml,2026-08-20,Matches requested pure Mg end-member formula exactly. [elemental pass: No H2O/OH/CO2 reported on page],51.36,,34.86,,,,,13.78,,,,,,,,,,,,,,,,,,,,,,,,,,,,,,,,,,,,,,,,24.01,,18.45,,,,8.31,,,,,,,,,,,,,,,,,,,,,,,,,,,,,,,,,,,,,,,,49.23,
Sekaninaite,cordierite,Other silicate,fe_endmember,Fe2Al4Si5O18,oxide_wt_percent,https://webmineral.com/data/Sekaninaite.shtml,2026-08-20,"Page formula (Fe++,Mg)2Al4Si5O18 is a natural composition with minor Mg substitution, not the pure Fe end-member -- MgO 3.19% is included. [elemental pass: No H2O/OH/CO2 reported on page]",47.52,,32.25,,,17.04,,3.19,,,,,,,,,,,,,,,,,,,,,,,,,,,,,,,,,,,,,,,,22.21,,17.07,,13.25,,1.92,,,,,,,,,,,,,,,,,,,,,,,,,,,,,,,,,,,,,,,,45.55,
Clinozoisite,epidote,Epidote group,clinozoisite,Ca2Al3(SiO4)3(OH),oxide_wt_percent,https://webmineral.com/data/Clinozoisite.shtml,2026-08-20,H2O 1.98% excluded.,39.67,,33.66,,,,,,24.68,,,,,,,,,,,,,,,,,,,,,,,,,,,,,,,,,,,,1.98,,,18.54,,17.82,,,,,17.64,,,,,,,,,,,,,,,,,,,,,,,,,,,,,,,,,,,,,,,45.78,0.22
Epidote,epidote,Epidote group,epidote,Ca2(Al2Fe)(SiO4)3(OH),oxide_wt_percent,https://webmineral.com/data/Epidote.shtml,2026-08-20,Page's empirical formula Ca2Fe3+2.25Al0.75(SiO4)3(OH) is more Fe-rich than the requested Fe:Al = 1:2 ratio (page's Fe:Al ~= 3:1). H2O 1.73% excluded.,34.71,,7.36,,34.6,,,,21.6,,,,,,,,,,,,,,,,,,,,,,,,,,,,,,,,,,,,1.73,,,16.22,,3.90,,24.20,,,15.44,,,,,,,,,,,,,,,,,,,,,,,,,,,,,,,,,,,,,,,40.05,0.19
Albite,feldspar,Feldspar,albite,NaAlSi3O8,oxide_wt_percent,https://webmineral.com/data/Albite.shtml,2026-08-20,"Webmineral's computed composition is from empirical formula Na0.95Ca0.05Al1.05Si2.95O8 (minor Ca substitution), not perfectly pure NaAlSi3O8; values used as reported.",67.39,,20.35,,,,,,1.07,11.19,,,,,,,,,,,,,,,,,,,,,,,,,,,,,,,,,,,,,,31.5,,10.77,,,,,0.76,8.3,,,,,,,,,,,,,,,,,,,,,,,,,,,,,,,,,,,,,,48.66,
Anorthite,feldspar,Feldspar,anorthite,CaAl2Si2O8,oxide_wt_percent,https://webmineral.com/data/Anorthite.shtml,2026-08-20,"Webmineral's computed composition is from its empirical formula Na0.05Ca0.95Al1.95Si2.05O8 (minor Na substitution), not perfectly pure CaAl2Si2O8; values used as reported.",44.40,,35.84,,,,,,19.20,0.56,,,,,,,,,,,,,,,,,,,,,,,,,,,,,,,,,,,,,,20.75,,18.97,,,,,13.72,0.41,,,,,,,,,,,,,,,,,,,,,,,,,,,,,,,,,,,,,,46.14,
Orthoclase,feldspar,Feldspar,orthoclase,KAlSi3O8,oxide_wt_percent,https://webmineral.com/data/Orthoclase.shtml,2026-08-20,Pure end-member composition; molecular weight 278.33 gm matches ideal KAlSi3O8 exactly.,64.76,,18.32,,,,,,,,16.92,,,,,,,,,,,,,,,,,,,,,,,,,,,,,,,,,,,,,30.27,,9.69,,,,,,,14.05,,,,,,,,,,,,,,,,,,,,,,,,,,,,,,,,,,,,,45.99,
Fluorite,fluorite,Halide,fluorite,CaF2,oxide_wt_percent,https://webmineral.com/data/Fluorite.shtml,2026-08-20,"Halide mineral -- new placeholder group_yaml with no backing resources/minerals/*.yaml config yet. Page reports a -O=F2 charge-balance correction of -20.49% (not stored, no matching column) to reach its 100.00% oxide total.",,,,,,,,,71.83,,,,,,,,,,,,,,,,,,,,,,,,,,,,,,,,,,48.67,,,,,,,,,,,,51.33,,,,,,,,,,,,,,,,,,,,,,,,,,,,,,,,,,,,,,,,
Almandine,garnet,Garnet,almandine,Fe3Al2Si3O12,oxide_wt_percent,https://webmineral.com/data/Almandine.shtml,2026-08-20,"Page header formula shows 'Fe3+Al2(SiO4)3' (likely a typo for Fe2+3) but the empirical formula and oxide table both use ferrous iron (FeO), and molecular weight 497.75 gm matches Fe3Al2Si3O12 with FeO; values used as reported.",36.21,,20.48,,,43.30,,,,,,,,,,,,,,,,,,,,,,,,,,,,,,,,,,,,,,,,,,16.93,,10.84,,33.66,,,,,,,,,,,,,,,,,,,,,,,,,,,,,,,,,,,,,,,,,,38.57,
Andradite,garnet,Garnet,andradite,Ca3Fe2Si3O12,oxide_wt_percent,https://webmineral.com/data/Andradite.shtml,2026-08-20,"Pure end-member composition; formula given as Ca3Fe+++2(SiO4)3, iron reported as Fe2O3.",35.47,,,,31.42,,,,33.11,,,,,,,,,,,,,,,,,,,,,,,,,,,,,,,,,,,,,,,14.73,,,,19.52,,,21.01,,,,,,,,,,,,,,,,,,,,,,,,,,,,,,,,,,,,,,,44.74,
Grossular,garnet,Garnet,grossular,Ca3Al2Si3O12,oxide_wt_percent,https://webmineral.com/data/Grossular.shtml,2026-08-20,Pure end-member composition.,40.02,,22.64,,,,,,37.35,,,,,,,,,,,,,,,,,,,,,,,,,,,,,,,,,,,,,,,18.71,,11.98,,,,,26.69,,,,,,,,,,,,,,,,,,,,,,,,,,,,,,,,,,,,,,,42.62,
Pyrope,garnet,Garnet,pyrope,Mg3Al2Si3O12,oxide_wt_percent,https://webmineral.com/data/Pyrope.shtml,2026-08-20,"Pure end-member composition; formula given as Mg3Al2(SiO4)3, equivalent to Mg3Al2Si3O12.",44.71,,25.29,,,,,29.99,,,,,,,,,,,,,,,,,,,,,,,,,,,,,,,,,,,,,,,,20.9,,13.39,,,,18.09,,,,,,,,,,,,,,,,,,,,,,,,,,,,,,,,,,,,,,,,47.63,
Spessartine,garnet,Garnet,spessartine,Mn3Al2Si3O12,oxide_wt_percent,https://webmineral.com/data/Spessartine.shtml,2026-08-20,Pure end-member composition.,36.41,,20.60,,,,42.99,,,,,,,,,,,,,,,,,,,,,,,,,,,,,,,,,,,,,,,,,17.02,,10.9,,,33.29,,,,,,,,,,,,,,,,,,,,,,,,,,,,,,,,,,,,,,,,,38.78,
Uvarovite,garnet,Garnet,uvarovite,Ca3Cr2Si3O12,oxide_wt_percent,https://webmineral.com/data/Uvarovite.shtml,2026-08-20,"IMPORTANT CAVEAT: webmineral's page verbatim lists the chromium oxide as 'CrO' at 27.17 wt% (apparently treating Cr as divalent), not Cr2O3, and its own page total only sums to 96.80% oxide (not 100%), which the page itself flags as anomalous. Left Cr2O3 blank rather than converting/estimating a Cr2O3 value ourselves. CaO and SiO2 values are as reported and appear internally consistent. Needs manual follow-up/second source for Cr2O3 wt%.",36.02,,,,,,,,33.61,,,,,,,,,,,,,,,,,,,,,,,,,,,,,,,,,,,,,,,16.84,,,20.78,,,,24.02,,,,,,,,,,,,,,,,,,,,,,,,,,,,,,,,,,,,,,,38.36,
Ferroglaucophane,glaucophane,Amphibole,fe_al_endmember,Na2Fe3Al2Si8O22(OH)2,oxide_wt_percent,https://webmineral.com/data/Ferroglaucophane.shtml,2026-08-20,"Pure end-member composition; formula Na2(Fe++3Al2)Si8O22(OH)2, iron reported as FeO. Page also lists H2O 2.05 wt%, not included (no matching column). [elemental pass: H2O wt% given alongside elemental H in the same composition table row (""0.23% H  2.05% H2O""); Fe reported as FeO-derived elemental Fe (ferrous); OH not given as a separate wt% figure]",54.74,,11.61,,,24.54,,,,7.06,,,,,,,,,,,,,,,,,,,,,,,,,,,,,,,,,,,2.05,,,25.59,,6.14,,19.08,,,,5.24,,,,,,,,,,,,,,,,,,,,,,,,,,,,,,,,,,,,,,43.73,0.23
Glaucophane,glaucophane,Amphibole,mg_al_endmember,Na2Mg3Al2Si8O22(OH)2,oxide_wt_percent,https://webmineral.com/data/Glaucophane.shtml,2026-08-20,"Pure end-member composition. Page also lists H2O 2.30 wt% (structural OH), not included as no matching column exists in this schema. [elemental pass: H2O wt% given alongside elemental H in the same composition table row (""0.26% H  2.30% H2O""); OH not given as a separate wt% figure]",61.35,,13.01,,,,,15.43,,7.91,,,,,,,,,,,,,,,,,,,,,,,,,,,,,,,,,,,2.3,,,28.68,,6.89,,,,9.31,,5.87,,,,,,,,,,,,,,,,,,,,,,,,,,,,,,,,,,,,,,49.01,0.26
Riebeckite,glaucophane,Amphibole,fe_fe3_endmember,Na2Fe3Fe2Si8O22(OH)2,oxide_wt_percent,https://webmineral.com/data/Riebeckite.shtml,2026-08-20,"Pure end-member composition; formula Na2(Fe++3Fe+++2)Si8O22(OH)2, iron split between FeO (Fe2+, 23.03%) and Fe2O3 (Fe3+, 17.06%). Page also lists H2O 1.92 wt%, not included (no matching column). [elemental pass: H2O wt% given alongside elemental H in the same composition table row (""0.22% H  1.92% H2O""); Fe reported as sum of FeO-derived and Fe2O3-derived elemental Fe (total Fe, mixed valence per formula Na2(Fe3++Fe2+2)Si8O22(OH)2); OH not given as a separate wt% figure]",51.36,,,,17.06,23.03,,,,6.62,,,,,,,,,,,,,,,,,,,,,,,,,,,,,,,,,,,1.92,,,24.01,,,,29.84,,,,4.91,,,,,,,,,,,,,,,,,,,,,,,,,,,,,,,,,,,,,,41.03,0.22
Hematite,hematite,Oxide,hematite,Fe2O3,oxide_wt_percent,https://webmineral.com/data/Hematite.shtml,2026-08-20,"Pure stoichiometric composition as calculated by webmineral.com. [elemental pass: Simple Fe2O3; single Fe value, no Fe2+/Fe3+ distinction needed.]",,,,,100.00,,,,,,,,,,,,,,,,,,,,,,,,,,,,,,,,,,,,,,,,,,,,,,,69.94,,,,,,,,,,,,,,,,,,,,,,,,,,,,,,,,,,,,,,,,,,30.06,
Illite,illite,Clay,illite,"(K,H3O)(Al,Mg,Fe)2(Si,Al)4O10[(OH)2,(H2O)]",oxide_wt_percent,https://webmineral.com/data/Illite.shtml,2026-08-21,"New placeholder group_yaml, no backing config yet. Page's own oxide total is 95.27% (not renormalized). H2O 12.03% oxide-equivalent (elemental H 1.35%) reported alongside the formula's (OH)2/(H2O) mixed notation -- recorded as a single H2O value, not split into separate OH/H2O figures, same convention used elsewhere in this file when the source page doesn't split them itself. Fe reported as a single elemental value; recorded under FeO per the page's own oxide column.",54.01,,17.02,,,1.85,,3.11,,,7.26,,,,,,,,,,,,,,,,,,,,,,,,,,,,,,,,,,12.03,,,25.25,,9.01,,1.43,,1.87,,,6.03,,,,,,,,,,,,,,,,,,,,,,,,,,,,,,,,,,,,,55.06,1.35
Geikielite,ilmenite,Oxide,geikielite,MgTiO3,oxide_wt_percent,https://webmineral.com/data/Geikielite.shtml,2026-08-20,"Pure stoichiometric end-member composition as calculated by webmineral.com. [elemental pass: Single element table: Mg, Ti, O only; no Fe present in this end member.]",,66.46,,,,,,33.54,,,,,,,,,,,,,,,,,,,,,,,,,,,,,,,,,,,,,,,,,39.84,,,,,20.22,,,,,,,,,,,,,,,,,,,,,,,,,,,,,,,,,,,,,,,,39.94,
Ilmenite,ilmenite,Oxide,ilmenite,FeTiO3,oxide_wt_percent,https://webmineral.com/data/Ilmenite.shtml,2026-08-20,Pure stoichiometric end-member composition as calculated by webmineral.com. [elemental pass: Page gives a single Fe value (no Fe2+/Fe3+ split); formula shown as Fe++TiO3.],,52.65,,,,47.35,,,,,,,,,,,,,,,,,,,,,,,,,,,,,,,,,,,,,,,,,,,31.56,,,36.81,,,,,,,,,,,,,,,,,,,,,,,,,,,,,,,,,,,,,,,,,,31.63,
Pyrophanite,ilmenite,Oxide,pyrophanite,MnTiO3,oxide_wt_percent,https://webmineral.com/data/Pyrophanite.shtml,2026-08-20,"Pure stoichiometric end-member composition as calculated by webmineral.com. [elemental pass: Single element table: Ti, Mn, O only.]",,52.96,,,,,47.04,,,,,,,,,,,,,,,,,,,,,,,,,,,,,,,,,,,,,,,,,,31.75,,,,36.43,,,,,,,,,,,,,,,,,,,,,,,,,,,,,,,,,,,,,,,,,31.83,
Kaolinite,kaolinite,Clay,kaolinite,Al2Si2O5(OH)4,oxide_wt_percent,https://webmineral.com/data/Kaolinite.shtml,2026-08-21,"New placeholder group_yaml, no backing config yet. Pure end-member, oxide total 100.00%.",46.55,,39.50,,,,,,,,,,,,,,,,,,,,,,,,,,,,,,,,,,,,,,,,,,13.96,,,21.76,,20.90,,,,,,,,,,,,,,,,,,,,,,,,,,,,,,,,,,,,,,,,,,,,55.78,1.56
Lawsonite,lawsonite,Other silicate,lawsonite,CaAl2Si2O7(OH)2*H2O,oxide_wt_percent,https://webmineral.com/data/Lawsonite.shtml,2026-08-20,"H2O 11.47% not mapped to an oxide column here. [elemental pass: Formula CaAl2Si2O7(OH)2*H2O; page reports single combined H2O=11.47% (oxide-equivalent) covering both structural OH and molecular H2O, not split. Element total 100.00%.]",38.24,,32.45,,,,,,17.85,,,,,,,,,,,,,,,,,,,,,,,,,,,,,,,,,,,,11.47,,,17.88,,17.17,,,,,12.75,,,,,,,,,,,,,,,,,,,,,,,,,,,,,,,,,,,,,,,50.91,1.28
Leucite,leucite,Feldspathoid,leucite,KAlSi2O6,oxide_wt_percent,https://webmineral.com/data/Leucite.shtml,2026-08-20,"""feldspathoid"" is a new placeholder group_yaml with no backing resources/minerals/*.yaml config yet. Page's Empirical Formula KAl(Si2O6) matches the ideal end-member KAlSi2O6 exactly; oxide wt% total 100.00%. No volatiles reported.",55.06,,23.36,,,,,,,,21.58,,,,,,,,,,,,,,,,,,,,,,,,,,,,,,,,,,,,,25.74,,12.36,,,,,,,17.91,,,,,,,,,,,,,,,,,,,,,,,,,,,,,,,,,,,,,43.99,
Aluminoceladonite,mica,Mica,al_celadonite,KMgAlSi4O10(OH)2,oxide_wt_percent,https://webmineral.com/data/Aluminoceladonite.shtml,2026-08-20,"Page formula shown as KAl(Mg,Fe++)[]Si4O10(OH)2 (vacancy-site notation); reports minor FeO despite ideal Fe-free formula. H2O 4.45% excluded.",59.4,,12.6,,,4.44,,7.47,,,11.64,,,,,,,,,,,,,,,,,,,,,,,,,,,,,,,,,,4.45,,,27.76,,6.67,,3.45,,4.51,,,9.66,,,,,,,,,,,,,,,,,,,,,,,,,,,,,,,,,,,,,47.45,0.50
Annite,mica,Mica,annite,KFe3(AlSi3O10)(OH)2,oxide_wt_percent,https://webmineral.com/data/Annite.shtml,2026-08-20,H2O 2.63% excluded. [elemental pass: F 1.85% reported alongside H2O],35.15,,9.94,,,42.03,,,,,9.18,,,,,,,,,,,,,,,,,,,,,,,,,,,,,,,,1.85,,2.63,,,16.43,,5.26,,32.67,,,,,7.62,,,,,,,,,,,,,,,,,,,,,,,,,,,,,,,,,,,,,35.87,0.29
Celadonite,mica,Mica,celadonite,"K(Mg,Fe2+)(Fe3+,Al)Si4O10(OH)2",oxide_wt_percent,https://webmineral.com/data/Celadonite.shtml,2026-08-20,Page also reports H2O 4.20% (no column). Oxide total on page = 100.00%. [elemental pass: Fe reported as combined FeO/Fe2O3 oxide split (3.35/16.75) but single elemental Fe wt% given],56.02,,1.19,,16.75,3.35,,7.52,,,10.98,,,,,,,,,,,,,,,,,,,,,,,,,,,,,,,,,,4.20,,,26.19,,0.63,,14.32,,4.53,,,9.11,,,,,,,,,,,,,,,,,,,,,,,,,,,,,,,,,,,,,44.75,0.47
Eastonite,mica,Mica,eastonite,KMg2Al(Al2Si2O10)(OH)2,oxide_wt_percent,https://webmineral.com/data/Eastonite.shtml,2026-08-20,H2O 4.30% excluded.,28.69,,36.52,,,,,19.25,,,11.25,,,,,,,,,,,,,,,,,,,,,,,,,,,,,,,,,,4.30,,,13.41,,19.33,,,,11.61,,,9.34,,,,,,,,,,,,,,,,,,,,,,,,,,,,,,,,,,,,,45.84,0.48
Margarite,mica,Mica,margarite,CaAl2(Al2Si2O10)(OH)2,oxide_wt_percent,https://webmineral.com/data/Margarite.shtml,2026-08-20,H2O 4.52% excluded.,30.18,,51.21,,,,,,14.08,,,,,,,,,,,,,,,,,,,,,,,,,,,,,,,,,,,,4.52,,,14.11,,27.10,,,,,10.07,,,,,,,,,,,,,,,,,,,,,,,,,,,,,,,,,,,,,,,48.22,0.51
Muscovite,mica,Mica,muscovite,KAl2(AlSi3O10)(OH)2,oxide_wt_percent,https://webmineral.com/data/Muscovite.shtml,2026-08-20,H2O 4.07% excluded. [elemental pass: Page reports F 0.95% for this formula variant],45.21,,38.36,,,,,,,,11.81,,,,,,,,,,,,,,,,,,,,,,,,,,,,,,,,0.95,,4.07,,,21.13,,20.30,,,,,,,9.81,,,,,,,,,,,,,,,,,,,,,,,,,,,,,,,,,,,,,47.35,0.46
Paragonite,mica,Mica,paragonite,NaAl2(AlSi3O10)(OH)2,oxide_wt_percent,https://webmineral.com/data/Paragonite.shtml,2026-08-20,H2O 4.71% excluded.,47.16,,40.02,,,,,,,8.11,,,,,,,,,,,,,,,,,,,,,,,,,,,,,,,,,,,4.71,,,22.05,,21.18,,,,,,6.02,,,,,,,,,,,,,,,,,,,,,,,,,,,,,,,,,,,,,,50.23,0.53
Phlogopite,mica,Mica,phlogopite,KMg3(AlSi3O10)(OH)2,oxide_wt_percent,https://webmineral.com/data/Phlogopite.shtml,2026-08-20,"H2O 2.15% excluded. [elemental pass: F 4.53% reported; formula includes (F,OH)2 component; no separate H2O/OH wt% shown on page]",42.99,,12.16,,,,,28.84,,,11.23,,,,,,,,,,,,,,,,,,,,,,,,,,,,,,,,4.53,,,,,20.10,,6.44,,,,17.39,,,9.33,,,,,,,,,,,,,,,,,,,,,,,,,,,,,,,,,,,,,41.98,0.24
Pyrophyllite,mica,Mica,pyrophyllite,Al2Si4O10(OH)2,oxide_wt_percent,https://webmineral.com/data/Pyrophyllite.shtml,2026-08-20,H2O 5.00% excluded.,66.7,,28.3,,,,,,,,,,,,,,,,,,,,,,,,,,,,,,,,,,,,,,,,,,5.00,,,31.18,,14.98,,,,,,,,,,,,,,,,,,,,,,,,,,,,,,,,,,,,,,,,,,,,53.28,0.56
Siderophyllite,mica,Mica,siderophyllite,KFe2Al(Al2Si2O10)(OH)2,oxide_wt_percent,https://webmineral.com/data/Siderophyllite.shtml,2026-08-20,H2O 0.93% excluded. [elemental pass: F 5.88% reported alongside small H2O],24.78,,31.54,,,29.63,,,,,9.71,,,,,,,,,,,,,,,,,,,,,,,,,,,,,,,,5.88,,0.93,,,11.58,,16.69,,23.03,,,,,8.06,,,,,,,,,,,,,,,,,,,,,,,,,,,,,,,,,,,,,34.64,0.10
Huttonite,monazite,Phosphate,huttonite,ThSiO4,oxide_wt_percent,https://webmineral.com/data/Huttonite.shtml,2026-08-20,[elemental pass: Element table reports Th/Si/O only (100.00% total).],18.54,,,,,,,,,,,,,,,,,,,,,,,,,,,,,,,,,,,,,,,81.46,,,,,,,,8.67,,,,,,,,,,,,,,,,,,,,,,,,,,,,,,,,,,,,,,71.59,,,,,,,,19.74,
Monazite,monazite,Phosphate,monazite,"(REE,Th,U,Ca)(P,Si)O4",oxide_wt_percent,https://webmineral.com/data/Monazite-(Ce).shtml,2026-08-20,"Plain 'Monazite' URL redirected to the alphabetical listing; used the 'Monazite-(Ce)' page instead, formula (Ce,La,Nd,Th)PO4. Only La2O3, Ce2O3, Nd2O3, ThO2, P2O5 reported (Pr, Sm and other REE not listed on page); total oxide sums to 100.17%. [elemental pass: webmineral Monazite-(Ce) page; only La/Ce/Nd/Th/P/O reported (no Pr or Sm on page). Element total 100.00%; oxide total 100.17% as shown on page.]",,,,,,,,,,,,29.55,,,,,,,,,,,,,,16.95,34.16,,14.01,,,,,,,,,,,5.50,,,,,,,,,,,,,,,,,,12.89,,,,,,,,,,,,,,14.46,29.17,,12.01,,,,,,,,,,,4.83,,,,,,,,26.64,
Alabandite,monosulfide,Sulfide,alabandite,MnS,element_wt_percent,https://webmineral.com/data/Alabandite.shtml,2026-08-20,[elemental pass: Re-confirmed from webmineral element table; only Mn/S reported (100.00% total)],,,,,,,,,,,,,,,,,,,,,,,,,,,,,,,,,,,,,,,,,,,,,,,,,,,,,63.14,,,,,,,,,,,,,,,,,,,,,,,,,,,,,,,,,,,,36.86,,,,,,
Galena,monosulfide,Sulfide,galena,PbS,element_wt_percent,https://webmineral.com/data/Galena.shtml,2026-08-20,[elemental pass: Re-confirmed from webmineral element table; only Pb/S reported (100.00% total)],,,,,,,,,,,,,,,,,,,,,,,,,,,,,,,,,,,,,,,,,,,,,,,,,,,,,,,,,,,,,,,,,,,,,,,,,,,,,,,,,,,,,,,,86.60,13.40,,,,,,
Greenockite,monosulfide,Sulfide,greenockite,CdS,element_wt_percent,https://webmineral.com/data/Greenockite.shtml,2026-08-20,[elemental pass: Re-confirmed from webmineral element table; only Cd/S reported (100.00% total)],,,,,,,,,,,,,,,,,,,,,,,,,,,,,,,,,,,,,,,,,,,,,,,,,,,,,,,,,,,,,,,,,,,,,,,,,,,,,,,,,,,,,,,,,22.19,,,,77.81,,
Sphalerite,monosulfide,Sulfide,sphalerite,ZnS,element_wt_percent,https://webmineral.com/data/Sphalerite.shtml,2026-08-20,"Webmineral's Sphalerite reference sample is (Zn,Fe)S (empirical Zn0.95Fe0.05S), not pure ZnS; Fe reported at 2.88% reflects that impurity, not an ideal end member. [elemental pass: Re-confirmed from webmineral element table; only Zn/Fe/S reported (100.00% total)]",,,,,,,,,,,,,,,,,,,,,,,,,,,,,,,,,,,,,,,,,,,,,,,,,,,,2.88,,,,,,,,,64.06,,,,,,,,,,,,,,,,,,,,,,,,,,,,33.06,,,,,,
Troilite,monosulfide,Sulfide,troilite,FeS,element_wt_percent,https://webmineral.com/data/Troilite.shtml,2026-08-20,[elemental pass: Re-confirmed from webmineral element table; only Fe/S reported (100.00% total)],,,,,,,,,,,,,,,,,,,,,,,,,,,,,,,,,,,,,,,,,,,,,,,,,,,,63.53,,,,,,,,,,,,,,,,,,,,,,,,,,,,,,,,,,,,,36.47,,,,,,
Kalsilite,nepheline,Feldspathoid,kalsilite,KAlSiO4,oxide_wt_percent,https://webmineral.com/data/Kalsilite.shtml,2026-08-20,"""feldspathoid"" is a new placeholder group_yaml with no backing resources/minerals/*.yaml config yet. Page's Empirical Formula KAlSiO4 matches the ideal end-member exactly; oxide wt% total 100.00%. No volatiles reported. Molecular weight 158.16 gm per page.",37.99,,32.23,,,,,,,,29.78,,,,,,,,,,,,,,,,,,,,,,,,,,,,,,,,,,,,,17.76,,17.06,,,,,,,24.72,,,,,,,,,,,,,,,,,,,,,,,,,,,,,,,,,,,,,40.46,
Nepheline,nepheline,Feldspathoid,nepheline,NaAlSiO4,oxide_wt_percent,https://webmineral.com/data/Nepheline.shtml,2026-08-20,"""feldspathoid"" is a new placeholder group_yaml with no backing resources/minerals/*.yaml config yet. Page's Empirical Formula is a natural sample Na0.75K0.25Al(SiO4) (contains K substitution toward kalsilite), not the pure ideal end-member NaAlSiO4. Oxide wt% total 100.00%. No volatiles reported.",41.13,,34.90,,,,,,,15.91,8.06,,,,,,,,,,,,,,,,,,,,,,,,,,,,,,,,,,,,,19.23,,18.47,,,,,,11.80,6.69,,,,,,,,,,,,,,,,,,,,,,,,,,,,,,,,,,,,,43.81,
Fayalite,olivine,Olivine,fayalite,Fe2SiO4,oxide_wt_percent,https://webmineral.com/data/Fayalite.shtml,2026-08-20,Pure end-member composition; iron reported as FeO (Fe2+).,29.49,,,,,70.51,,,,,,,,,,,,,,,,,,,,,,,,,,,,,,,,,,,,,,,,,,13.78,,,,54.81,,,,,,,,,,,,,,,,,,,,,,,,,,,,,,,,,,,,,,,,,,31.41,
Forsterite,olivine,Olivine,forsterite,Mg2SiO4,oxide_wt_percent,https://webmineral.com/data/Forsterite.shtml,2026-08-20,Pure end-member composition.,42.71,,,,,,,57.29,,,,,,,,,,,,,,,,,,,,,,,,,,,,,,,,,,,,,,,,19.96,,,,,,34.55,,,,,,,,,,,,,,,,,,,,,,,,,,,,,,,,,,,,,,,,45.49,
Kirschsteinite,olivine,Olivine,ca_olivine,CaFeSiO4,oxide_wt_percent,https://webmineral.com/data/Kirschsteinite.shtml,2026-08-20,"Pure end-member composition; formula CaFe++SiO4, iron reported as FeO.",31.96,,,,,38.21,,,29.83,,,,,,,,,,,,,,,,,,,,,,,,,,,,,,,,,,,,,,,14.94,,,,29.7,,,21.32,,,,,,,,,,,,,,,,,,,,,,,,,,,,,,,,,,,,,,,34.04,
Tephroite,olivine,Olivine,tephroite,Mn2SiO4,oxide_wt_percent,https://webmineral.com/data/Tephroite.shtml,2026-08-20,Pure end-member composition.,29.75,,,,,,70.25,,,,,,,,,,,,,,,,,,,,,,,,,,,,,,,,,,,,,,,,,13.91,,,,,54.41,,,,,,,,,,,,,,,,,,,,,,,,,,,,,,,,,,,,,,,,,31.69,
Cobaltpentlandite,pentlandite,Sulfide,cobalt_pentlandite,Co9S8,element_wt_percent,https://webmineral.com/data/Cobaltpentlandite.shtml,2026-08-20,[elemental pass: Page's simplified end-member formula reports only Co and S (100.00% total); no Fe/Ni listed],,,,,,,,,,,,,,,,,,,,,,,,,,,,,,,,,,,,,,,,,,,,,,,,,,,,,,,,,,,,67.40,,,,,,,,,,,,,,,,,,,,,,,,,,,,,32.60,,,,,,
Pentlandite,pentlandite,Sulfide,pentlandite,"(Fe,Ni)9S8",element_wt_percent,https://webmineral.com/data/Pentlandite.shtml,2026-08-20,[elemental pass: Re-confirmed from webmineral element table; Fe/Ni/S reported (100.00% total)],,,,,,,,,,,,,,,,,,,,,,,,,,,,,,,,,,,,,,,,,,,,,,,,,,,,32.56,,,,,,,34.21,,,,,,,,,,,,,,,,,,,,,,,,,,,,,,33.23,,,,,,
Cattierite,pyrite,Sulfide,cattierite,CoS2,element_wt_percent,https://webmineral.com/data/Cattierite.shtml,2026-08-20,[elemental pass: Re-confirmed from webmineral element table; only Co/S reported (100.00% total)],,,,,,,,,,,,,,,,,,,,,,,,,,,,,,,,,,,,,,,,,,,,,,,,,,,,,,,,,,,,47.89,,,,,,,,,,,,,,,,,,,,,,,,,,,,,52.11,,,,,,
Pyrite,pyrite,Sulfide,pyrite,FeS2,element_wt_percent,https://webmineral.com/data/Pyrite.shtml,2026-08-20,[elemental pass: Re-confirmed from webmineral element table; only Fe/S reported (100.00% total)],,,,,,,,,,,,,,,,,,,,,,,,,,,,,,,,,,,,,,,,,,,,,,,,,,,,46.55,,,,,,,,,,,,,,,,,,,,,,,,,,,,,,,,,,,,,53.45,,,,,,
Vaesite,pyrite,Sulfide,vaesite,NiS2,element_wt_percent,https://webmineral.com/data/Vaesite.shtml,2026-08-20,[elemental pass: Re-confirmed from webmineral element table; only Ni/S reported (100.00% total)],,,,,,,,,,,,,,,,,,,,,,,,,,,,,,,,,,,,,,,,,,,,,,,,,,,,,,,,,,,47.78,,,,,,,,,,,,,,,,,,,,,,,,,,,,,,52.22,,,,,,
Enstatite,pyroxene,Pyroxene,enstatite,Mg2Si2O6,oxide_wt_percent,https://webmineral.com/data/Enstatite.shtml,2026-08-20,Pure end-member composition.,59.85,,,,,,,40.15,,,,,,,,,,,,,,,,,,,,,,,,,,,,,,,,,,,,,,,,27.98,,,,,,24.21,,,,,,,,,,,,,,,,,,,,,,,,,,,,,,,,,,,,,,,,47.81,
Ferrosilite,pyroxene,Pyroxene,ferrosilite,Fe2Si2O6,oxide_wt_percent,https://webmineral.com/data/Ferrosilite.shtml,2026-08-20,"IMPORTANT CAVEAT: webmineral's page formula is the general solid-solution '(Fe++,Mg)2Si2O6', not the pure Fe end-member Fe2Si2O6. Molecular weight given (232.32 gm) corresponds to an equimolar MgFeSi2O6 (Mg:Fe = 1:1), not pure Fe2Si2O6 (MW ~263.85 gm). Values reported here (including MgO 17.35%) are exactly as shown on the page but are NOT the pure ferrosilite end-member composition; no pure-Fe2Si2O6 table was found on webmineral.com. Use with caution or find an alternate source for the true end-member. [elemental pass: webmineral formula given as (Fe++,Mg)2Si2O6; Mg is a substituent shown on the page's own composition table, re-verified directly (not a scraping error) even though Si/O values happen to coincide with Wollastonite's]",51.73,,,,,30.93,,17.35,,,,,,,,,,,,,,,,,,,,,,,,,,,,,,,,,,,,,,,,24.18,,,,24.04,,10.46,,,,,,,,,,,,,,,,,,,,,,,,,,,,,,,,,,,,,,,,41.32,
Wollastonite,pyroxene,Pyroxene,wollastonite,CaSiO3,oxide_wt_percent,https://www.webmineral.com/data/Wollastonite-1A.shtml,2026-08-20,"webmineral.com/data/Wollastonite.shtml redirects (no direct page); used Wollastonite-1A.shtml polytype page instead, which gives the same ideal CaSiO3 formula/composition. Shared end-member value for reuse across pyroxene.yaml, clinopyroxene.yaml, and orthopyroxene.yaml.",51.72,,,,,,,,48.28,,,,,,,,,,,,,,,,,,,,,,,,,,,,,,,,,,,,,,,24.18,,,,,,,34.5,,,,,,,,,,,,,,,,,,,,,,,,,,,,,,,,,,,,,,,41.32,
Pyroxmangite,pyroxenoid,Other silicate,pyroxmangite,"(Mn,Fe)SiO3",oxide_wt_percent,https://webmineral.com/data/Pyroxmangite.shtml,2026-08-20,"""pyroxenoid"" is a new placeholder group_yaml with no backing resources/minerals/*.yaml config yet. Page's Empirical Formula Mn2+0.8Fe2+0.2SiO3 is consistent with the general (Mn,Fe)SiO3 formula given. Oxide wt% total sums to 100.00% (43.25+10.95+45.79=99.99, rounding). No volatiles reported.",45.79,,,,,10.95,43.25,,,,,,,,,,,,,,,,,,,,,,,,,,,,,,,,,,,,,,,,,21.41,,,,8.51,33.50,,,,,,,,,,,,,,,,,,,,,,,,,,,,,,,,,,,,,,,,,36.58,
Rhodonite,pyroxenoid,Other silicate,rhodonite,MnSiO3,oxide_wt_percent,https://webmineral.com/data/Rhodonite.shtml,2026-08-20,"""pyroxenoid"" is a new placeholder group_yaml with no backing resources/minerals/*.yaml config yet. Page's Empirical Formula is a natural sample Mn2+0.9Fe2+0.02Mg0.02Ca0.05SiO3 (minor Fe/Mg/Ca substitution), not the pure ideal end-member MnSiO3. Page's own oxide wt% total sums to 99.88% (not 100), reported as-is. No volatiles reported.",46.53,,,,,1.11,49.44,0.62,2.17,,,,,,,,,,,,,,,,,,,,,,,,,,,,,,,,,,,,,,,21.75,,,,0.86,38.29,0.38,1.55,,,,,,,,,,,,,,,,,,,,,,,,,,,,,,,,,,,,,,,37.17,
Pyrrhotite,pyrrhotite,Sulfide,pyrrhotite,Fe(1-x)S,element_wt_percent,https://webmineral.com/data/Pyrrhotite.shtml,2026-08-20,Webmineral formula given as Fe(1-x)S (x=0-0.17); empirical formula on page is Fe0.95S. [elemental pass: Re-confirmed from webmineral element table; only Fe/S reported (100.00% total)],,,,,,,,,,,,,,,,,,,,,,,,,,,,,,,,,,,,,,,,,,,,,,,,,,,,62.33,,,,,,,,,,,,,,,,,,,,,,,,,,,,,,,,,,,,,37.67,,,,,,
Quartz,quartz,Quartz/Silica,quartz,SiO2,oxide_wt_percent,https://webmineral.com/data/Quartz.shtml,2026-08-21,"New placeholder group_yaml, no backing resources/minerals/*.yaml config yet. Pure end-member, oxide total 100.00%.",100.00,,,,,,,,,,,,,,,,,,,,,,,,,,,,,,,,,,,,,,,,,,,,,,,46.74,,,,,,,,,,,,,,,,,,,,,,,,,,,,,,,,,,,,,,,,,,,,,,53.26,
Rutile,rutile,Oxide,rutile,TiO2,oxide_wt_percent,https://webmineral.com/data/Rutile.shtml,2026-08-20,"Pure stoichiometric composition as calculated by webmineral.com. [elemental pass: Simple TiO2, two-element table (Ti, O).]",,100.00,,,,,,,,,,,,,,,,,,,,,,,,,,,,,,,,,,,,,,,,,,,,,,,59.94,,,,,,,,,,,,,,,,,,,,,,,,,,,,,,,,,,,,,,,,,,,,,40.06,
Sapphirine,sapphirine,Other silicate,sapphirine,"(Mg,Fe)3.5Al9Si1.5O20",oxide_wt_percent,https://webmineral.com/data/Sapphirine.shtml,2026-08-20,"Page formula (Mg,Al)8(Al,Si)6O20 reports no Fe (pure Mg, Al-Si-disordered notation), differing from the requested (Mg,Fe)3.5Al9Si1.5O20. Page's own oxide total is only 97.07% (elemental total is 100%; not adjusted). [elemental pass: No H2O/OH/CO2 reported on page]",13.19,,48.49,,,,,35.39,,,,,,,,,,,,,,,,,,,,,,,,,,,,,,,,,,,,,,,,6.17,,25.67,,,,21.34,,,,,,,,,,,,,,,,,,,,,,,,,,,,,,,,,,,,,,,,46.83,
Marialite,scapolite,Other silicate,marialite,Na4Al3Si9O24Cl,oxide_wt_percent,https://webmineral.com/data/Marialite.shtml,2026-08-20,"Pure end-member composition. Cl value (4.20%) is the raw halogen weight percent; page separately applies a -O=Cl2 correction of -0.95% to reach the 100.00% oxide total (the -O=Cl2 correction itself is not a compositional column in this schema, so only the raw Cl wt% is reported). [elemental pass: Page reports elemental Cl = 4.20% with an -O=Cl2 charge-balance correction of -0.95% applied to the oxide total (not applied here to the elemental Cl figure); no H2O, CO2, or OH figures found on this page]",63.99,,18.10,,,,,,,14.67,,,,,,,,,,,,,,,,,,,,,,,,,,,,,,,,,,4.2,,,,29.91,,9.58,,,,,,10.88,,,,,,,,,,,,,,,,,,,,,,,,,,,,,,,,,,,,,,45.44,
Meionite,scapolite,Other silicate,meionite,Ca4Al6Si6O24CO3,oxide_wt_percent,https://webmineral.com/data/Meionite.shtml,2026-08-20,"Pure end-member composition. Page also lists CO2 4.71 wt% (from the CO3 group in the formula), not included as there is no CO2/carbonate column in this schema. [elemental pass: Page reports elemental Carbon = 1.28% C (no C/carbon column exists in this table's header, so only the CO2 wt% is captured); no H2O or OH figures found on this page]",38.57,,32.73,,,,,,24.00,,,,,,,,,,,,,,,,,,,,,,,,,,,,,,,,,,,,,4.71,,18.03,,17.32,,,,,17.15,,,,,,,,,,,,,,,,,,,,,,,,,,,,,,,,,,,,,,,46.22,
Chrysotile,serpentine,Other silicate,serpentine,Mg3Si2O5(OH)4,oxide_wt_percent,https://webmineral.com/data/Chrysotile.shtml,2026-08-20,Used the Chrysotile polymorph page (webmineral has no plain 'Serpentine' page); formula matches Mg3Si2O5(OH)4 exactly. H2O 13.00% not mapped to an oxide column here. [elemental pass: Element total 100.00%; oxide total not stated but H2O=13.00% from oxide table.],43.36,,,,,,,43.63,,,,,,,,,,,,,,,,,,,,,,,,,,,,,,,,,,,,,13.00,,,20.27,,,,,,26.31,,,,,,,,,,,,,,,,,,,,,,,,,,,,,,,,,,,,,,,,51.96,1.45
Montmorillonite,smectite,Clay,montmorillonite,"(Na,Ca)0.3(Al,Mg)2Si4O10(OH)2*n(H2O)",oxide_wt_percent,https://webmineral.com/data/Montmorillonite.shtml,2026-08-21,"New placeholder group_yaml 'smectite' (dioctahedral smectite-group solid solution with Nontronite, Al-rich vs Fe-rich) -- 'Smectite' itself has no webmineral.com page (confirmed: redirects to a blank index page, no composition data -- not included as its own row). No backing resources/minerals/*.yaml config yet. Page's own oxide total is 100.58% (not renormalized). H2O 36.09% oxide-equivalent reflects the formula's variable n(H2O) interlayer hydration (page used n=10 empirically).",43.77,,18.57,,,,,,1.02,1.13,,,,,,,,,,,,,,,,,,,,,,,,,,,,,,,,,,,36.09,,,20.46,,9.83,,,,,0.73,0.84,,,,,,,,,,,,,,,,,,,,,,,,,,,,,,,,,,,,,,64.11,4.04
Nontronite,smectite,Clay,nontronite,"Na0.3Fe2(Si,Al)4O10(OH)2*n(H2O)",oxide_wt_percent,https://webmineral.com/data/Nontronite.shtml,2026-08-21,"Fe-rich dioctahedral smectite-group solid solution partner to Montmorillonite (see that row's note). New placeholder group_yaml, no backing config yet. Page's own oxide total is 98.87% (not renormalized). Fe reported as a single elemental value; recorded under Fe2O3 per the page's own oxide column (ferric, matching the formula's Fe3+). H2O 18.16% oxide-equivalent reflects n(H2O)=4 interlayer hydration.",36.35,,10.28,,32.20,,,,,1.87,,,,,,,,,,,,,,,,,,,,,,,,,,,,,,,,,,,18.16,,,16.99,,5.44,,22.52,,,,1.39,,,,,,,,,,,,,,,,,,,,,,,,,,,,,,,,,,,,,,51.62,2.03
Smectite,smectite,Clay,smectite,"(Na,Ca)0.3(Al,Mg,Fe)2(Si,Al)4O10(OH)2*n(H2O)",NOT_FOUND,,2026-08-21,NOT_FOUND -- webmineral.com/data/Smectite.shtml is a redirect-only page with no composition data (smectite is the group name; Montmorillonite/Nontronite above are its actual member species).,,,,,,,,,,,,,,,,,,,,,,,,,,,,,,,,,,,,,,,,,,,,,,,,,,,,,,,,,,,,,,,,,,,,,,,,,,,,,,,,,,,,,,,,,,,,,,,
Sodalite,sodalite,Feldspathoid,sodalite,Na4Al3Si3O12Cl,oxide_wt_percent,https://webmineral.com/data/Sodalite.shtml,2026-08-20,"""feldspathoid"" is a new placeholder group_yaml with no backing resources/minerals/*.yaml config yet. Page's Empirical Formula is Na8Al6Si6O24Cl2, i.e. exactly 2x the ideal formula unit Na4Al3Si3O12Cl given (same stoichiometric ratio, not a true compositional discrepancy). Elemental Cl = 7.32 wt%% recorded in Cl column; the page's oxide table lists Cl as a raw 7.32%% contribution then applies a standard -O=Cl2 charge-balance correction of -1.65%% (not represented as a separate column here) to reach TOTAL OXIDE = 100.00%%. No H2O/OH reported. Molecular weight 969.21 gm per page.",37.20,,31.56,,,,,,,25.58,,,,,,,,,,,,,,,,,,,,,,,,,,,,,,,,,,7.32,,,,17.39,,16.70,,,,,,18.98,,,,,,,,,,,,,,,,,,,,,,,,,,,,,,,,,,,,,,39.62,
Ahrensite,spinel-magnetite,Oxide,ahrensite,Fe2SiO4,NOT_FOUND,,2026-08-20,"No dedicated webmineral.com page found. Tried https://webmineral.com/data/Ahrensite.shtml (302 redirect to Alphabetical_Listing.shtml, i.e. no entry) and WebSearch site:webmineral.com Ahrensite (no matching results). Ahrensite is a rare IMA-2014-approved, ringwoodite-structured Fe2SiO4 polymorph described from a meteorite; webmineral.com's database does not appear to include it. Left unfilled rather than estimated.",,,,,,,,,,,,,,,,,,,,,,,,,,,,,,,,,,,,,,,,,,,,,,,,,,,,,,,,,,,,,,,,,,,,,,,,,,,,,,,,,,,,,,,,,,,,,,,
Chromite,spinel-magnetite,Oxide,chromite,FeCr2O4,oxide_wt_percent,https://webmineral.com/data/Chromite.shtml,2026-08-20,"Pure stoichiometric end-member composition as calculated by webmineral.com. [elemental pass: Page reports single Fe value (oxide column shows only FeO, no Fe2O3 split); no combining needed.]",,,,67.90,,32.10,,,,,,,,,,,,,,,,,,,,,,,,,,,,,,,,,,,,,,,,,,,,,46.46,24.95,,,,,,,,,,,,,,,,,,,,,,,,,,,,,,,,,,,,,,,,,,28.59,
Coulsonite,spinel-magnetite,Oxide,coulsonite,FeV2O4,oxide_wt_percent,https://webmineral.com/data/Coulsonite.shtml,2026-08-20,"Pure stoichiometric end-member composition as calculated by webmineral.com. [elemental pass: Single combined elemental Fe value (25.19%) reported directly; oxide column shows FeO only (ferrous), formula Fe++V+++2O4.]",,,,,,32.40,,,,,,,,,,,,,,,,,67.60,,,,,,,,,,,,,,,,,,,,,,,,,,,,,25.19,,,,,,,,,,,,,,,,,45.95,,,,,,,,,,,,,,,,,,,,,,,,,28.86,
Franklinite,spinel-magnetite,Oxide,franklinite,ZnFe2O4,oxide_wt_percent,https://webmineral.com/data/Franklinite.shtml,2026-08-20,"webmineral.com reports a natural analyzed composition (Zn,Mn2+,Fe2+)(Fe3+,Mn3+)2O4, not the pure ZnFe2O4 end-member. Page also lists 16.69% Mn2O3 (Mn3+), which has no corresponding column here (CSV only has MnO) and is omitted from the numeric fields. Empirical formula Zn0.6Mn2+0.3Fe2+0.1Fe3+1.5Mn3+0.5O4. [elemental pass: Oxide column splits Fe as FeO 3.04%/Fe2O3 50.63%, but single combined elemental Fe value (37.78%) reported directly - used as-is.]",,,,,50.63,3.04,9.00,,,,,,,,20.65,,,,,,,,,,,,,,,,,,,,,,,,,,,,,,,,,,,,,37.78,18.58,,,,,,,,16.59,,,,,,,,,,,,,,,,,,,,,,,,,,,,,,,,,27.06,
Gahnite,spinel-magnetite,Oxide,gahnite,ZnAl2O4,oxide_wt_percent,https://webmineral.com/data/Gahnite.shtml,2026-08-20,"Pure stoichiometric end-member composition as calculated by webmineral.com. [elemental pass: No Fe present in this end member; single element table Al, Zn, O.]",,,55.61,,,,,,,,,,,,44.39,,,,,,,,,,,,,,,,,,,,,,,,,,,,,,,,,,,29.43,,,,,,,,,,,35.66,,,,,,,,,,,,,,,,,,,,,,,,,,,,,,,,,34.90,
Galaxite,spinel-magnetite,Oxide,galaxite,MnAl2O4,oxide_wt_percent,https://webmineral.com/data/Galaxite.shtml,2026-08-20,"webmineral.com reports a natural analyzed composition (Mn,Mg)(Al,Fe3+)2O4, not the pure MnAl2O4 end-member. Empirical formula Mn2+0.9Mg0.1Al1.9Fe3+0.1O4. [elemental pass: Single combined elemental Fe value (3.23%) reported directly alongside oxide Fe2O3 4.62%; no split needed.]",,,56.08,,4.62,,36.96,2.33,,,,,,,,,,,,,,,,,,,,,,,,,,,,,,,,,,,,,,,,,,29.68,,3.23,28.63,1.41,,,,,,,,,,,,,,,,,,,,,,,,,,,,,,,,,,,,,,,,37.05,
Hercynite,spinel-magnetite,Oxide,hercynite,FeAl2O4,oxide_wt_percent,https://webmineral.com/data/Hercynite.shtml,2026-08-20,Pure stoichiometric end-member composition as calculated by webmineral.com. [elemental pass: Oxide shown as FeO only (ferrous); single elemental Fe value (32.13%) reported directly.],,,58.66,,,41.34,,,,,,,,,,,,,,,,,,,,,,,,,,,,,,,,,,,,,,,,,,,,31.05,,32.13,,,,,,,,,,,,,,,,,,,,,,,,,,,,,,,,,,,,,,,,,,36.82,
Jacobsite,spinel-magnetite,Oxide,jacobsite,MnFe2O4,oxide_wt_percent,https://webmineral.com/data/Jacobsite.shtml,2026-08-20,"webmineral.com reports a natural analyzed composition (Mn2+,Fe2+,Mg)(Fe3+,Mn3+)2O4, not the pure MnFe2O4 end-member. Page also lists 17.36% Mn2O3 (Mn3+), which has no corresponding column here (CSV only has MnO) and is omitted from the numeric fields. Empirical formula Mn2+0.6Fe2+0.3Mg0.1Fe3+1.5Mn3+0.5O4. [elemental pass: Oxide column splits Fe as FeO 9.48%/Fe2O3 52.67% and Mn as MnO/Mn2O3, but single combined elemental Fe (44.21%) and Mn (26.58%) values are already reported directly - used as-is, no manual summing needed.]",,,,,52.67,9.48,18.72,1.77,,,,,,,,,,,,,,,,,,,,,,,,,,,,,,,,,,,,,,,,,,,,44.21,26.58,1.07,,,,,,,,,,,,,,,,,,,,,,,,,,,,,,,,,,,,,,,,28.15,
Magnesiochromite,spinel-magnetite,Oxide,magnesiochromite,MgCr2O4,oxide_wt_percent,https://webmineral.com/data/Magnesiochromite.shtml,2026-08-20,"Pure stoichiometric end-member composition as calculated by webmineral.com. [elemental pass: No Fe in this end member; single element table Mg, Cr, O.]",,,,79.04,,,,20.96,,,,,,,,,,,,,,,,,,,,,,,,,,,,,,,,,,,,,,,,,,,54.08,,,12.64,,,,,,,,,,,,,,,,,,,,,,,,,,,,,,,,,,,,,,,,33.28,
Magnesiocoulsonite,spinel-magnetite,Oxide,magnesiocoulsonite,MgV2O4,oxide_wt_percent,https://webmineral.com/data/Magnesiocoulsonite.shtml,2026-08-20,"Pure stoichiometric end-member composition as calculated by webmineral.com. Page did exist despite being a rare/recently-named species. [elemental pass: No Fe in this end member; single element table Mg, V, O.]",,,,,,,,21.19,,,,,,,,,,,,,,,78.81,,,,,,,,,,,,,,,,,,,,,,,,,,,,,,,12.78,,,,,,,,,,,,,,,53.57,,,,,,,,,,,,,,,,,,,,,,,,,33.65,
Magnesioferrite,spinel-magnetite,Oxide,magnesioferrite,MgFe2O4,oxide_wt_percent,https://webmineral.com/data/Magnesioferrite.shtml,2026-08-20,Pure stoichiometric end-member composition as calculated by webmineral.com. [elemental pass: Oxide shown as Fe2O3 only (ferric); single elemental Fe value (55.85%) reported directly.],,,,,79.85,,,20.15,,,,,,,,,,,,,,,,,,,,,,,,,,,,,,,,,,,,,,,,,,,,55.85,,12.15,,,,,,,,,,,,,,,,,,,,,,,,,,,,,,,,,,,,,,,,32.00,
Magnetite,spinel-magnetite,Oxide,magnetite,Fe3O4,oxide_wt_percent,https://webmineral.com/data/Magnetite.shtml,2026-08-20,"Pure stoichiometric composition as calculated by webmineral.com (Fe2+Fe3+2O4). [elemental pass: Page's oxide column splits Fe as FeO 31.03%/Fe2O3 68.97%, but a single combined elemental Fe value (72.36%) is already reported directly - used as-is, no manual summing needed.]",,,,,68.97,31.03,,,,,,,,,,,,,,,,,,,,,,,,,,,,,,,,,,,,,,,,,,,,,,72.36,,,,,,,,,,,,,,,,,,,,,,,,,,,,,,,,,,,,,,,,,,27.64,
Qandilite,spinel-magnetite,Oxide,qandilite,Mg2TiO4,oxide_wt_percent,https://webmineral.com/data/Qandilite.shtml,2026-08-20,"webmineral.com reports a natural analyzed composition (Mg,Fe2+)2(Ti,Fe3+,Al)O4, not the pure Mg2TiO4 end-member. Empirical formula Mg1.3Fe3+0.4Fe2+0.3Ti0.6Fe3+0.2Al0.2O4. [elemental pass: Oxide column splits Fe as FeO 11.98%/Fe2O3 26.62%, but single combined elemental Fe value (27.93%) reported directly - used as-is.]",,26.63,5.67,,26.62,11.98,,29.11,,,,,,,,,,,,,,,,,,,,,,,,,,,,,,,,,,,,,,,,,15.96,3.00,,27.93,,17.56,,,,,,,,,,,,,,,,,,,,,,,,,,,,,,,,,,,,,,,,35.56,
Ringwoodite,spinel-magnetite,Oxide,ringwoodite,Mg2SiO4,oxide_wt_percent,https://webmineral.com/data/Ringwoodite.shtml,2026-08-20,"Pure stoichiometric end-member composition as calculated by webmineral.com. [elemental pass: No Fe in this idealized end member; single element table Mg, Si, O.]",42.71,,,,,,,57.29,,,,,,,,,,,,,,,,,,,,,,,,,,,,,,,,,,,,,,,,19.96,,,,,,34.55,,,,,,,,,,,,,,,,,,,,,,,,,,,,,,,,,,,,,,,,45.49,
Spinel,spinel-magnetite,Oxide,spinel,MgAl2O4,oxide_wt_percent,https://webmineral.com/data/Spinel.shtml,2026-08-20,"Pure stoichiometric end-member composition as calculated by webmineral.com. [elemental pass: No Fe in this end member (pure MgAl2O4); single element table Mg, Al, O.]",,,71.67,,,,,28.33,,,,,,,,,,,,,,,,,,,,,,,,,,,,,,,,,,,,,,,,,,37.93,,,,17.08,,,,,,,,,,,,,,,,,,,,,,,,,,,,,,,,,,,,,,,,44.98,
Trevorite,spinel-magnetite,Oxide,trevorite,NiFe2O4,oxide_wt_percent,https://webmineral.com/data/Trevorite.shtml,2026-08-20,"webmineral.com reports a natural analyzed composition with minor Mg and Al substitution, not the pure NiFe2O4 end-member. Empirical formula Ni0.66Fe2+0.3Mg0.04Fe3+1.99Al0.01O4. [elemental pass: Oxide column splits Fe as FeO 9.30%/Fe2O3 68.53%, but single combined elemental Fe value (55.16%) reported directly - used as-is.]",,,0.22,,68.53,9.30,,0.70,,,,,21.26,,,,,,,,,,,,,,,,,,,,,,,,,,,,,,,,,,,,,0.12,,55.16,,0.42,,,,,16.71,,,,,,,,,,,,,,,,,,,,,,,,,,,,,,,,,,,27.60,
Ulvospinel,spinel-magnetite,Oxide,ulvospinel,Fe2TiO4,oxide_wt_percent,https://webmineral.com/data/Ulvospinel.shtml,2026-08-20,Pure stoichiometric end-member composition as calculated by webmineral.com. [elemental pass: Single combined elemental Fe value (49.96%) reported directly; oxide column shows FeO only (ferrous).],,35.73,,,,64.27,,,,,,,,,,,,,,,,,,,,,,,,,,,,,,,,,,,,,,,,,,,21.42,,,49.96,,,,,,,,,,,,,,,,,,,,,,,,,,,,,,,,,,,,,,,,,,28.63,
Staurolite,staurolite,Other silicate,staurolite,"(Fe,Mg,Zn)4Al18Si8O46(OH)2",oxide_wt_percent,https://webmineral.com/data/Staurolite.shtml,2026-08-20,"Webmineral formula is (Fe++,Mg)2Al9(Si,Al)4O20(O,OH)4, a simplified Fe-Mg end member without Zn; ZnO not reported. Li2O 0.18% also reported (mapped to Li2O column). Total oxide sums to 99.11%. [elemental pass: Also reports Li=0.09% and Mg=0.30% elemental (both recorded). OH not separately reported, only oxide-equivalent H2O=2.55% and elemental H=0.29%. Element total 100.00%; oxide total shown on page as 99.11%.]",28.86,,54.63,,,12.39,,0.50,,,,,,,,,,0.18,,,,,,,,,,,,,,,,,,,,,,,,,,,2.55,,,13.49,,28.91,,9.63,,0.30,,,,,,,,,,0.09,,,,,,,,,,,,,,,,,,,,,,,,,,,,,,47.30,0.29
Talc,talc,Other silicate,talc,Mg3Si4O10(OH)2,oxide_wt_percent,https://webmineral.com/data/Talc.shtml,2026-08-20,H2O 4.75% not mapped to an oxide column here. [elemental pass: Element total 100.00%; H2O=4.75% from oxide table.],63.37,,,,,,,31.88,,,,,,,,,,,,,,,,,,,,,,,,,,,,,,,,,,,,,4.75,,,29.62,,,,,,19.23,,,,,,,,,,,,,,,,,,,,,,,,,,,,,,,,,,,,,,,,50.62,0.53
Titanite,titanite,Other silicate,titanite,CaTiSiO5,oxide_wt_percent,https://webmineral.com/data/Titanite.shtml,2026-08-20,"Page also lists a generic REE2O3 = 4.25% not broken into individual lanthanide oxides; omitted rather than fabricating a split across specific REE columns. Page's own oxide total is 99.60% (not adjusted). [elemental pass: Page reports combined REE row 'RE' (La,Ce,Pr,Nd,Sm) = 3.64% element wt% / 4.25% REE2O3 -- not broken out by individual lanthanide, so left blank in individual columns to avoid fabricating a split. F 0.96% and -O=F2 correction -0.40% also on page. No H2O/OH/CO2 reported.]",30.38,30.29,5.16,,2.02,,,,26.94,,,,,,,,,,,,,,,,,,,,,,,,,,,,,,,,,,0.96,,,,,14.20,18.16,2.73,,1.41,,,19.25,,,,,,,,,,,,,,,,,,,,,,,,,,,,,,,,,,,,,,,39.64,
Dravite,tourmaline,Other silicate,dravite,NaMg3Al6(Si6O18)(BO3)3(OH)4,oxide_wt_percent,https://webmineral.com/data/Dravite.shtml,2026-08-20,H2O 3.76% excluded.,37.6,,31.9,,,,,12.61,,3.23,,,,,,,10.89,,,,,,,,,,,,,,,,,,,,,,,,,,,,3.76,,,17.58,,16.89,,,,7.61,,2.40,,,,,,,3.38,,,,,,,,,,,,,,,,,,,,,,,,,,,,,,,51.73,0.42
Elbaite,tourmaline,Other silicate,elbaite,Na(Li1.5Al1.5)Al6(Si6O18)(BO3)3(OH)4,oxide_wt_percent,https://webmineral.com/data/Elbaite.shtml,2026-08-20,Page's own oxide total is only 98.25% (elemental total is 100%; not adjusted). H2O 3.93% excluded.,39.33,,36.15,,,,,,,3.38,,,,,,,11.39,4.07,,,,,,,,,,,,,,,,,,,,,,,,,,,3.93,,,18.38,,19.13,,,,,,2.51,,,,,,,3.54,1.89,,,,,,,,,,,,,,,,,,,,,,,,,,,,,,54.11,0.44
Schorl,tourmaline,Other silicate,schorl,NaFe3Al6(Si6O18)(BO3)3(OH)4,oxide_wt_percent,https://webmineral.com/data/Schorl.shtml,2026-08-20,H2O 3.42% excluded.,34.22,,29.04,,,20.46,,,,2.94,,,,,,,9.91,,,,,,,,,,,,,,,,,,,,,,,,,,,,3.42,,,16.00,,15.37,,15.91,,,,2.18,,,,,,,3.08,,,,,,,,,,,,,,,,,,,,,,,,,,,,,,,47.08,0.38
Vermiculite,vermiculite,Clay,vermiculite,"(Mg,Fe2,Al)3(Al,Si)4O10(OH)2*4(H2O)",oxide_wt_percent,https://webmineral.com/data/Vermiculite.shtml,2026-08-21,"New placeholder group_yaml, no backing config yet. Page's own oxide total is 100.48% (not renormalized). Fe reported as a single elemental value; recorded under FeO per the page's own oxide column.",11.92,,43.48,,,12.82,,14.39,,,,,,,,,,,,,,,,,,,,,,,,,,,,,,,,,,,,,17.87,,,5.57,,23.01,,9.97,,8.68,,,,,,,,,,,,,,,,,,,,,,,,,,,,,,,,,,,,,,,,50.77,2.00
Xenotime,xenotime,Phosphate,xenotime,"(Y,HREE)PO4",oxide_wt_percent,https://webmineral.com/data/Xenotime-(Y).shtml,2026-08-20,"Page found under the name 'Xenotime-(Y)' (URL differs from the naive /data/Xenotime.shtml guess, which 302-redirected to the alphabetical listing). webmineral.com reports the pure YPO4 end-member composition without an HREE substitution breakdown. [elemental pass: Single element table: Y, P, O only.]",,,,,,,,,,,,38.60,,,,,,,61.40,,,,,,,,,,,,,,,,,,,,,,,,,,,,,,,,,,,,,,,16.84,,,,,,,48.35,,,,,,,,,,,,,,,,,,,,,,,,,,,,,34.80,
Zircon,zircon,Other silicate,zircon,"(Zr,Hf)SiO4",oxide_wt_percent,https://webmineral.com/data/Zircon.shtml,2026-08-20,"webmineral.com reports a natural analyzed composition including REE and Hf substitution (empirical formula Zr0.9Hf0.05REE0.05SiO4). Page also lists a lumped 4.41% REE2O3 (La+Ce+Pr+Nd+Sm combined) that cannot be assigned to a single lanthanide oxide column and is omitted from the numeric fields below. Oxide total on page sums to 99.79%, not 100.00%. [elemental pass: This webmineral page is for an impure zircon variant (empirical formula Zr0.9Hf0.05REE0.05SiO4), not pure ZrSiO4. It reports a single combined rare-earth row (""La,Ce,Pr,Nd,Sm, RE"" = 3.78% element wt%) rather than individual lanthanide values, so La/Ce/Pr/Nd/Sm are left blank per no-fabrication rule (the combined REE value is not entered into any single element column). Hf = 4.69% is reported and included.]",31.57,,,,,,,,,,,,,,,,,,,58.27,5.53,,,,,,,,,,,,,,,,,,,,,,,,,,,14.76,,,,,,,,,,,,,,,,,,43.14,4.69,,,,,,,,,,,,,,,,,,,,,,,,,,,33.63,
